id,orders_id,customers_id,products_id,products_options_id,products_options_multiple_id,persons_id,users_id,orders_price,orders_is_reserve_finished,orders_is_ship_finished,orders_notice,updated_at,created_at,is_delete
1,m59648008140,3,1,1,0,1,2,2980,0,0,,2022-04-09T08:10:58.000000Z,2022-04-09T06:18:31.000000Z,1
2,m66373406825,2,3,0,0,2,3,1780,1,0,,2022-04-09T09:13:58.000000Z,2022-04-09T06:18:31.000000Z,0
3,8402616,4,3,0,0,1,3,2000,0,0,,2022-04-09T08:10:35.000000Z,2022-04-09T06:18:31.000000Z,1
4,sd,5,0,0,0,1,0,0,0,0,,2022-04-09T08:10:28.000000Z,2022-04-09T06:18:50.000000Z,1
5,ｄさ,6,0,0,0,1,0,0,1,0,,2022-04-09T08:13:27.000000Z,2022-04-09T06:21:14.000000Z,1
6,1231a,7,0,0,0,1,0,0,1,0,,2022-04-09T09:04:43.000000Z,2022-04-09T08:11:24.000000Z,1
7,てｓｔ,8,0,0,0,2,0,0,0,0,れｗ,2022-04-09T09:14:21.000000Z,2022-04-09T08:12:29.000000Z,0
8,、,9,0,0,0,1,0,0,0,0,,2022-04-09T08:20:35.000000Z,2022-04-09T08:20:35.000000Z,0
9,m59648008140,3,0,0,0,0,0,0,0,0,,2022-04-11T13:56:09.000000Z,2022-04-11T13:56:09.000000Z,0
10,m66373406825,2,0,0,0,0,0,0,0,0,,2022-04-11T13:56:09.000000Z,2022-04-11T13:56:09.000000Z,0
11,8402616,4,0,0,0,0,0,0,0,0,,2022-04-11T13:56:09.000000Z,2022-04-11T13:56:09.000000Z,0
12,sd,5,0,0,0,0,0,0,0,0,,2022-04-11T13:56:09.000000Z,2022-04-11T13:56:09.000000Z,0
13,ｄさ,6,0,0,0,0,0,0,0,0,,2022-04-11T13:56:09.000000Z,2022-04-11T13:56:09.000000Z,0
14,1231a,7,0,0,0,0,0,0,0,0,,2022-04-11T13:56:09.000000Z,2022-04-11T13:56:09.000000Z,0
15,てｓｔ,8,0,0,0,0,0,0,0,0,,2022-04-11T13:56:09.000000Z,2022-04-11T13:56:09.000000Z,0
16,、,9,0,0,0,0,0,0,0,0,,2022-04-11T13:56:09.000000Z,2022-04-11T13:56:09.000000Z,0
